name,info
Asus,Just Asus
Huawei,Just Huawei
Acer,Just Acer
Lenovo,Just Lenovo
HP,Just HP
Apple,Just Apple
MSI,Just MSI
Razer,Just Razer
Dream,Just Dream
Microsoft,Just Microsoft
Dell,Just Dell
Gigabyte,Just Gigabyte
Xiaomi,Just Xiaomi
Realme,Just Realme
2E,Just 2E
Infinix,Just Infinix
Poco,Just Poco
Samsung,Just Samsung
Tecno,Just Tecno
Honor,Just Honor
Google,Just Google
OnePlus,Just OnePlus
Nothing,Just Nothing
OPPO,Just OPPO
Vivo,Just Vivo
Sony,Just Sony
Doogee,Just Doogee
Nokia,Just Nokia
Blackview,Just Blackview
TCL,Just TCL
ZTE,Just ZTE
Oukitel,Just Oukitel
Motorola,Just Motorola
BQ,Just BQ
UleFone,Just UleFone
Texet,Just Texet
Philips,Just Philips
iiiF150,Just iiiF150
Vertex,Just Vertex
UMIDIGI,Just UMIDIGI
OLMIO,Just OLMIO
Wiko,Just Wiko
Itel,Just Itel
Oscal,Just Oscal
FiGi,Just FiGi
BlackBerry,Just BlackBerry
LG,Just LG
Sigma,Just Sigma
CATerpillar,Just CATerpillar
AGM,Just AGM
CUBOT,Just CUBOT
Hotwav,Just Hotwav
Meizu,Just Meizu
Vsmart,Just Vsmart
Uniwa,Just Uniwa
BLU,Just BLU
Fly,Just Fly
LAVA,Just LAVA
Logitech,Just Logitech
HyperX,Just HyperX
JBL,Just JBL
Hoco,Just Hoco
Crown,Just Crown
Defender,Just Defender
Ritmix,Just Ritmix
A4Tech,Just A4Tech
BASEUS,Just BASEUS
Edifier,Just Edifier
QCY,Just QCY
AccesStyle,Just AccesStyle
Denon,Just Denon
ANKER,Just ANKER
Pioneer,Just Pioneer
Tronsmart,Just Tronsmart
Koss,Just Koss
Audio-Technica,Just Audio-Technica
Beyerdynamic,Just Beyerdynamic
Westone,Just Westone
SteelSeries,Just SteelSeries
Marshall,Just Marshall
Audeze,Just Audeze
Urbanista,Just Urbanista
Haylou,Just Haylou
Gravastar,Just Gravastar
Sennheiser,Just Sennheiser
1More,Just 1More
Yamaha,Just Yamaha
Redragon,Just Redragon
Thermaltake,Just Thermaltake
Stax,Just Stax
Mpow,Just Mpow
Skullcandy,Just Skullcandy
Beats,Just Beats
Sven,Just Sven
Jabra,Just Jabra
PreSonus,Just PreSonus
Creative,Just Creative
Behringer,Just Behringer
Kinera,Just Kinera
Ugreen,Just Ugreen
Gembird,Just Gembird
Bose,Just Bose
ELARI,Just ELARI
SOUL,Just SOUL
FiiO,Just FiiO
Hiper,Just Hiper
WiWU,Just WiWU
Axelvox,Just Axelvox
HARPER,Just HARPER
Shanling,Just Shanling
Audix,Just Audix
JVC,Just JVC
A-Data,Just A-Data
Mackie,Just Mackie
Epos,Just Epos
Nobby,Just Nobby
Geozon,Just Geozon
Panasonic,Just Panasonic
Yealink,Just Yealink
Genius,Just Genius
Klipsch,Just Klipsch
SOUNDPEATS,Just SOUNDPEATS
Digma,Just Digma
Borofone,Just Borofone
Canyon,Just Canyon
HIDIZS,Just HIDIZS
Maono,Just Maono
Takstar,Just Takstar
Oklick,Just Oklick
Rombica,Just Rombica
Monster,Just Monster
Accutone,Just Accutone
Superlux,Just Superlux
SIMGOT,Just SIMGOT
VT,Just VT
Hyundai,Just Hyundai
Belkin,Just Belkin
Soundcore,Just Soundcore
AOC,Just AOC
Cooler,Just Cooler
BenQ,Just BenQ
Hikvision,Just Hikvision
Iiyama,Just Iiyama
Vestel,Just Vestel
Indesit,Just Indesit
Lex,Just Lex
Beko,Just Beko
Bosch,Just Bosch
Schaub,Just Schaub
Miele,Just Miele
Hansa,Just Hansa
Midea,Just Midea
Renova,Just Renova
Daewoo,Just Daewoo
Winia,Just Winia
Kuppersbusch,Just Kuppersbusch
