shop,link
МВидео,https://www.mvideo.ru/
Ситилинк,https://www.citilink.ru/
ДНС,https://www.dns-shop.ru/
Эльдорадо,https://www.eldorado.ru/
BigGeek,https://biggeek.ru/
Связной,https://www.svyaznoy.ru/
Restore,https://re-store.ru/
Holodilnik,https://www.holodilnik.ru/
СберМегаМаркет,https://sbermegamarket.ru/
OLDI,https://www.oldi.ru/
Корпорация «Центр»,https://kcentr.ru/
Юлмарт,https://ulmart-katalog.ru/
Технопорт,https://www.techport.ru/
StoreX24,StoreX24.ru
Wishmaster,Wishmaster.me
Video Shoper,Video-shoper.ru
Sold Out,Sold-Out.ru
coxo,coxo.ru
Shop Trubka,Shop-Trubka.ru
Quke,Quke.ru
iPort,iPort.ru
123,123.ru
